customer_id,age,income,tenure_months,monthly_spend,products_owned,support_tickets,email_engagement,website_visits,last_purchase_days,previous_campaign_response,total_revenue,service_cost,churned,cross_sell_response,campaign_response
C00001,46,58279.63,17.8,106.44,3,2,21.9,7,73,0,1956.59,159.31,0,0,1
C00002,30,51149.45,24.4,75.55,2,4,52.6,22,81,1,1700.74,249.36,0,0,0
C00003,51,37868.31,41.1,100.48,3,1,24.3,17,84,0,3584.73,113.98,0,0,0
C00004,53,137128.77,37.8,133.84,1,0,44.3,20,36,1,5163.28,79.38,0,1,1
C00005,19,122757.85,63.2,118.01,2,1,26.4,13,88,0,7154.5,152.19,1,0,0
C00006,26,93464.67,35.9,97.73,2,0,65.0,11,25,0,4023.95,98.27,0,1,1
C00007,44,39396.85,14.2,64.56,1,3,33.8,13,72,0,1051.63,196.56,1,0,0
C00008,38,83058.99,42.8,89.5,3,3,28.1,3,105,0,4441.29,201.59,1,0,1
C00009,42,75874.91,63.0,115.11,2,1,22.1,0,76,0,6705.46,108.33,1,1,1
C00010,32,69847.35,42.5,51.34,2,3,40.6,13,99,0,2282.47,214.98,1,0,0
C00011,53,98032.83,22.5,137.19,4,1,59.5,19,78,1,3302.81,124.48,1,0,1
C00012,51,75739.43,34.1,125.19,2,2,37.0,16,102,0,4528.9,141.48,1,0,0
C00013,43,79142.42,46.9,113.9,2,1,61.3,19,67,0,5194.86,127.52,1,1,0
C00014,56,75788.28,22.2,102.48,1,0,12.1,8,92,0,2508.09,89.34,0,1,1
C00015,48,66925.19,28.1,98.28,2,3,37.9,6,52,0,2759.46,222.35,1,1,1
C00016,32,27421.47,30.8,97.68,1,2,42.1,12,117,1,3041.34,165.79,0,1,0
C00017,46,60073.2,33.8,105.01,1,3,40.5,4,94,1,3112.25,204.18,0,1,1
C00018,30,45917.32,34.9,121.46,3,0,47.9,4,33,0,4454.26,112.52,0,1,0
C00019,53,33882.88,3.0,111.7,2,1,32.9,14,7,0,329.68,126.03,1,0,1
C00020,41,117543.21,34.4,125.12,1,2,2.0,0,93,0,4468.7,179.08,1,0,0
C00021,40,119895.56,48.6,92.82,1,2,5.2,9,82,0,4599.0,158.87,1,0,1
C00022,34,102649.03,17.2,96.0,3,2,52.9,20,66,1,1679.4,176.34,1,0,1
C00023,57,64562.43,38.9,110.84,2,0,35.5,8,92,0,4300.0,63.49,1,0,1
C00024,40,102279.12,55.0,112.76,1,1,28.4,12,37,0,6596.11,119.55,0,1,0
C00025,37,58294.36,30.4,108.88,1,1,45.2,10,29,0,3257.13,108.79,0,0,0
C00026,38,63156.63,10.7,72.24,2,1,11.2,0,65,0,682.53,114.31,0,0,1
C00027,48,36641.63,20.2,61.55,2,2,26.9,10,59,0,1302.74,181.43,0,1,0
C00028,46,68523.68,53.3,95.67,1,0,28.0,7,73,1,4769.02,74.08,0,1,1
C00029,47,59489.81,12.1,76.87,1,0,9.3,3,61,0,831.99,91.21,1,0,0
C00030,47,33559.81,8.1,32.79,2,2,52.9,25,51,0,242.43,182.86,0,1,0
C00031,68,56766.15,47.8,106.18,2,1,53.7,7,56,1,5192.22,125.11,0,0,1
C00032,37,56089.95,33.6,43.52,2,0,33.8,12,44,1,1452.71,92.39,1,1,1
C00033,36,123398.47,72.5,80.18,1,1,54.8,10,61,0,4819.59,130.85,0,1,1
C00034,32,84437.58,35.7,145.56,2,1,15.9,11,67,0,5041.51,130.27,1,1,0
C00035,49,58279.48,50.7,165.44,3,1,56.8,17,52,0,9179.97,140.74,1,1,0
C00036,56,64388.41,31.1,64.96,2,1,38.2,13,49,0,1948.28,147.96,0,1,0
C00037,41,59087.08,44.6,87.47,2,3,18.3,2,79,0,3848.9,199.08,0,0,0
C00038,32,53261.79,41.3,77.35,1,1,27.5,5,59,0,3463.57,109.76,1,1,1
C00039,32,36811.99,27.9,118.88,1,2,8.0,9,99,0,3526.8,154.26,1,1,0
C00040,50,54434.67,25.6,80.87,2,2,46.3,22,64,1,2237.82,179.39,0,0,1
C00041,51,42397.18,29.3,94.08,3,0,66.0,20,37,0,2142.22,98.34,0,1,0
C00042,49,34305.66,41.1,111.28,1,1,31.7,5,60,0,5210.89,118.38,1,1,0
C00043,34,71891.37,50.5,73.76,1,0,2.0,2,71,0,3912.81,51.0,1,0,0
C00044,45,68359.06,30.6,102.94,1,3,8.3,17,156,1,3766.83,199.79,1,1,1
C00045,43,27385.83,42.6,41.55,2,1,38.5,12,48,0,1660.68,127.99,0,1,0
C00046,45,55087.09,38.6,72.16,1,1,21.7,15,51,0,2393.32,121.84,1,1,1
C00047,52,88114.54,55.6,62.84,2,3,2.0,0,98,0,3498.82,208.55,1,1,0
C00048,45,90497.03,30.1,80.79,2,1,56.2,15,54,0,2377.01,116.14,1,1,1
C00049,50,89236.89,41.6,151.3,3,1,57.4,19,42,0,6616.0,143.3,0,1,1
C00050,43,58955.71,32.0,113.24,3,0,34.9,13,57,0,3939.68,88.86,1,1,0
C00051,45,40671.35,10.2,79.75,2,2,51.6,11,92,0,804.03,173.59,1,0,1
C00052,50,36792.33,10.7,48.03,1,0,5.8,0,71,0,504.82,81.07,1,1,0
C00053,25,67032.47,3.4,75.97,1,1,9.5,10,88,1,270.34,130.42,0,0,1
C00054,38,68015.84,28.5,109.0,2,0,44.2,19,34,0,3048.06,90.14,1,1,0
C00055,36,99596.01,40.4,123.82,1,1,60.6,24,40,1,4867.12,113.91,1,0,1
C00056,34,92059.44,34.4,20.0,1,1,43.3,22,35,0,745.38,123.82,1,1,1
C00057,39,54866.72,45.2,53.57,1,0,25.2,9,51,0,2663.6,90.37,1,0,0
C00058,60,34393.81,29.4,72.41,1,1,29.7,8,111,0,2312.98,138.96,1,1,0
C00059,32,50724.97,48.1,72.29,1,2,35.6,18,50,0,3427.71,170.61,0,1,0
C00060,54,63540.67,35.5,91.92,1,1,2.0,7,95,0,2704.9,110.84,0,1,0
C00061,22,53280.37,35.9,119.66,3,1,62.1,12,5,1,4243.83,115.21,0,0,0
C00062,38,45500.69,31.5,82.25,2,2,20.8,2,72,1,2430.72,159.49,1,0,1
C00063,44,64499.32,42.2,120.29,4,3,67.6,20,103,1,5025.15,213.28,0,1,0
C00064,49,46935.8,20.7,66.53,1,3,16.5,6,139,0,1304.32,204.61,1,1,0
C00065,51,44551.92,25.7,104.54,1,3,34.9,11,91,0,2686.52,193.63,1,1,0
C00066,52,66105.58,34.0,79.25,2,1,35.7,16,58,0,2471.39,107.52,0,1,0
C00067,38,48989.51,17.9,72.54,1,1,2.0,0,80,1,1163.22,93.42,0,0,0
C00068,36,64261.9,39.3,104.07,2,0,40.3,19,56,0,4495.14,39.65,1,0,1
C00069,52,65052.11,61.9,178.97,4,1,81.6,11,1,1,10216.36,129.47,0,0,1
C00070,40,35941.15,10.6,60.22,1,2,27.7,10,51,0,637.11,196.3,0,1,0
C00071,27,47385.76,32.7,118.45,2,1,37.2,15,46,0,4170.39,151.63,0,0,1
C00072,28,106092.28,59.6,151.62,2,2,73.3,11,55,0,9701.23,157.43,1,0,0
C00073,31,35600.85,38.1,66.69,1,2,26.2,5,80,0,2700.42,166.43,0,0,0
C00074,48,23841.99,20.2,75.47,2,2,40.9,8,48,0,1565.06,144.53,0,0,1
C00075,44,26535.09,1.0,73.32,2,0,51.6,14,35,0,77.57,62.5,0,0,0
C00076,50,58713.47,28.6,71.36,1,2,27.8,17,41,0,2263.35,147.94,0,1,1
C00077,37,58758.06,10.3,120.47,2,1,23.2,18,48,0,1279.58,123.48,0,1,1
C00078,44,55204.61,52.9,83.47,1,2,2.0,0,75,1,3769.22,163.12,1,0,0
C00079,50,96583.0,31.5,101.58,1,0,16.9,9,44,0,3064.49,86.66,0,0,0
C00080,38,22000.0,32.0,49.06,2,2,43.1,15,67,1,1657.5,172.21,1,1,1
C00081,47,68493.25,34.9,73.69,2,2,26.5,11,116,0,2444.48,160.18,1,0,1
C00082,34,111748.08,33.9,161.6,1,1,48.3,16,22,1,6195.22,130.44,1,1,1
C00083,38,36117.41,30.9,81.72,2,0,36.6,13,24,1,2513.59,66.22,1,0,1
C00084,37,49448.13,23.8,52.81,1,4,41.8,21,71,0,1265.0,228.4,0,0,0
C00085,28,42276.37,20.8,111.45,1,1,21.5,13,74,1,2530.08,104.93,0,1,0
C00086,48,39837.86,15.2,96.21,2,3,44.4,7,88,0,1444.57,217.79,1,0,0
C00087,36,50572.75,40.7,91.18,1,3,33.1,14,95,0,3763.48,203.56,1,0,0
C00088,42,105634.69,63.4,95.06,1,1,51.6,19,31,0,6457.48,98.41,0,1,0
C00089,48,125479.88,58.9,116.63,2,2,8.1,6,81,0,6057.4,167.45,1,1,0
C00090,47,50367.62,34.6,88.15,2,1,26.6,15,75,0,2982.02,106.57,1,1,1
C00091,50,129097.55,61.6,106.41,3,2,63.9,18,89,1,6990.5,190.76,0,1,1
C00092,41,58873.15,20.5,76.14,1,2,49.7,15,45,1,1571.3,156.99,0,0,0
C00093,37,121145.61,32.0,149.96,3,0,59.1,17,81,0,5363.71,96.54,1,1,0
C00094,41,55771.2,24.2,129.06,1,3,24.0,0,117,1,2733.87,226.57,1,0,1
C00095,22,61282.07,43.9,118.05,3,2,63.9,17,58,1,4481.3,155.08,1,0,1
C00096,25,67622.6,28.8,20.0,1,0,29.7,6,69,0,611.21,77.66,1,0,1
C00097,26,220000.0,88.3,200.02,4,1,66.5,12,66,0,18894.64,140.75,1,0,0
C00098,30,82928.85,35.3,165.76,1,1,40.4,19,71,0,5768.88,131.88,0,1,0
C00099,47,43094.35,52.9,149.99,4,4,87.2,25,77,1,8192.73,260.06,1,1,1
C00100,31,87131.82,42.1,86.18,2,1,68.6,18,49,0,3841.39,105.28,1,0,0
C00101,37,49822.83,35.3,91.21,1,0,37.4,8,35,1,3011.13,90.05,1,1,0
C00102,58,47216.71,42.4,52.75,1,1,19.4,9,92,0,2111.55,114.41,1,1,0
C00103,38,84949.38,49.8,88.03,3,0,45.1,18,50,1,4447.84,86.93,0,1,0
C00104,51,58762.21,24.3,86.79,2,1,44.7,9,105,0,2260.35,136.82,0,1,0
C00105,31,65199.05,20.4,101.91,2,0,34.7,11,68,0,1889.12,92.52,0,1,0
C00106,40,58341.68,19.8,43.95,2,3,32.1,14,86,0,854.62,209.4,0,1,1
C00107,31,66807.0,40.1,67.87,2,2,13.0,0,91,0,2668.03,173.42,1,1,1
C00108,38,69333.53,40.5,101.43,2,0,60.0,16,1,1,4247.01,92.75,0,0,1
C00109,52,25710.95,31.4,52.75,1,0,2.0,0,59,0,1657.02,100.16,0,0,0
C00110,21,76738.5,51.5,97.42,1,1,17.1,6,80,0,4796.9,124.32,0,1,0
C00111,47,38397.6,43.0,53.68,2,2,31.8,7,120,0,2536.51,165.59,1,0,0
C00112,45,31648.08,11.2,104.76,2,1,73.0,20,14,1,1119.26,138.43,1,1,1
C00113,35,56594.41,27.7,80.46,3,0,37.4,21,33,0,2176.27,74.57,1,0,1
C00114,25,60082.28,38.1,143.12,2,3,30.5,8,112,0,4755.04,193.76,1,0,1
C00115,43,43344.09,47.5,41.8,2,0,18.4,9,82,0,1873.07,85.25,1,0,0
C00116,36,82226.4,58.9,94.16,3,1,76.8,30,65,0,5772.96,121.65,0,1,1
C00117,45,33007.32,55.0,79.04,1,2,2.0,0,112,0,4456.57,148.42,1,1,0
C00118,42,48887.74,12.5,120.85,1,3,10.1,14,115,1,1588.33,217.68,0,1,0
C00119,61,45367.49,21.1,81.55,1,0,71.8,19,29,0,1794.77,101.56,0,0,1
C00120,39,56876.16,34.2,93.49,1,0,35.0,20,47,0,3729.17,59.66,1,0,1
C00121,30,65206.95,27.5,99.84,2,1,16.6,10,73,0,2583.29,139.3,1,1,0
C00122,44,37982.59,23.0,58.78,2,0,30.0,11,48,0,1178.69,44.18,0,1,1
C00123,45,78621.23,43.3,109.46,3,1,50.3,14,30,1,4340.85,120.15,1,0,1
C00124,58,59555.22,56.7,62.96,2,0,46.5,10,69,0,3368.52,105.8,1,1,0
C00125,52,26201.73,18.8,46.59,2,2,62.1,17,62,0,809.09,158.13,1,1,0
C00126,46,25478.49,4.3,93.33,2,1,42.6,17,57,0,405.96,125.73,1,1,1
C00127,60,57700.68,20.5,46.64,1,2,8.1,5,110,0,1053.49,173.41,0,0,0
C00128,28,52859.46,34.4,102.93,2,3,51.1,13,84,0,3973.49,185.2,0,0,0
C00129,34,55534.62,34.2,40.69,1,0,4.4,3,40,0,1447.97,79.26,0,1,0
C00130,31,57322.34,38.4,104.22,2,2,18.5,12,96,0,4693.07,168.24,0,0,1
C00131,37,63763.32,22.7,85.04,2,1,2.7,10,44,0,1876.3,149.88,0,1,1
C00132,25,86354.06,43.9,129.93,1,1,2.0,0,17,0,4955.08,110.09,0,0,0
C00133,50,36371.26,10.2,77.88,1,1,6.0,1,87,0,864.21,117.89,0,0,0
C00134,39,35453.25,18.9,103.02,1,2,4.5,6,70,0,1663.78,154.24,0,0,0
C00135,24,36643.9,33.5,47.77,1,2,23.6,16,68,1,1501.86,148.34,1,1,0
C00136,30,65482.83,36.0,83.04,1,2,2.0,9,97,0,3116.62,181.43,1,1,1
C00137,46,97838.77,17.3,104.07,3,2,2.0,0,72,0,1784.9,167.7,1,0,0
C00138,52,48389.38,42.2,98.46,3,3,28.7,8,111,0,4090.32,201.1,0,0,1
C00139,66,22000.0,30.9,73.23,2,3,24.3,4,56,1,2047.3,199.61,1,0,1
C00140,77,28353.94,19.9,81.0,3,0,34.2,9,58,0,1610.65,73.6,0,1,1
C00141,47,40877.0,1.0,36.74,1,2,43.7,21,20,1,39.69,155.31,1,0,1
C00142,30,45887.69,38.4,87.37,4,1,46.2,6,65,0,3360.85,106.29,1,1,1
C00143,18,48858.08,1.0,20.0,1,4,29.9,1,77,1,18.67,240.98,1,1,0
C00144,45,58947.49,40.0,67.05,2,0,31.5,6,50,1,2411.58,75.34,0,1,0
C00145,32,50882.02,10.2,92.69,1,1,23.5,10,115,0,886.49,113.81,1,0,1
C00146,37,90122.12,31.9,65.43,2,1,16.6,10,93,0,2149.37,124.4,1,0,0
C00147,35,43663.64,21.8,51.68,2,2,28.7,11,76,0,1157.69,166.49,1,0,0
C00148,40,40377.37,32.3,138.7,2,1,28.1,15,104,0,4190.14,120.3,1,0,0
C00149,55,70921.29,28.8,102.01,3,1,51.1,5,43,1,2415.26,123.14,1,0,1
C00150,44,30431.35,23.5,75.22,1,1,17.5,13,57,0,1828.75,153.24,1,0,0
C00151,40,68313.92,27.5,118.69,2,2,22.1,6,96,0,3034.95,198.18,1,0,1
C00152,30,60552.78,51.6,97.88,1,2,42.8,16,74,0,5328.13,152.07,0,1,1
C00153,22,54517.25,37.4,52.08,2,1,37.5,5,52,1,1828.2,108.36,1,0,0
C00154,36,113014.82,41.3,113.67,2,2,30.3,10,83,0,4322.99,153.26,1,0,0
C00155,41,44661.68,17.1,27.11,1,0,17.7,8,75,0,468.84,91.97,0,1,0
C00156,63,137795.16,32.1,181.41,1,0,35.1,17,7,0,6915.15,83.93,1,0,0
C00157,44,52760.45,35.8,85.28,4,1,41.3,4,47,0,3237.88,127.18,1,0,1
C00158,54,33923.1,7.8,38.41,1,2,17.9,7,28,0,304.14,190.03,1,0,0
C00159,36,59728.5,14.1,49.83,1,0,7.0,0,61,0,724.68,78.84,0,0,1
C00160,28,36907.69,20.3,27.14,1,2,2.0,5,73,0,473.07,171.06,0,0,1
C00161,30,42296.55,34.3,127.26,2,0,11.1,9,73,0,3971.24,92.47,1,0,0
C00162,33,68524.89,43.7,168.62,2,0,39.7,18,62,0,5886.57,80.25,1,1,1
C00163,68,73243.35,19.5,89.52,2,2,45.2,10,79,0,1988.32,180.99,1,1,1
C00164,32,44662.43,25.6,53.45,2,0,17.5,11,74,0,1533.94,67.38,0,1,1
C00165,52,87808.05,61.7,46.54,2,1,74.4,26,26,1,2962.85,139.48,0,0,1
C00166,31,94310.85,53.2,105.17,2,1,53.2,6,59,0,5657.11,117.19,1,1,1
C00167,53,106026.57,42.7,90.24,1,1,47.4,16,75,0,3373.29,117.53,1,0,0
C00168,47,72442.75,30.7,66.26,1,1,34.8,15,97,0,1996.78,107.06,1,0,1
C00169,40,102830.61,55.6,103.91,1,0,59.1,15,65,0,6605.05,70.37,1,0,1
C00170,42,26324.7,1.0,75.51,1,2,7.7,0,57,0,76.3,159.07,0,1,1
C00171,34,50750.54,10.3,102.11,2,1,2.0,6,95,0,1000.64,91.13,0,1,0
C00172,47,40297.96,11.9,79.67,2,2,25.6,3,46,0,814.87,162.11,1,1,0
C00173,37,60978.29,49.5,84.67,3,1,55.7,14,89,0,4651.15,116.66,0,1,1
C00174,27,45624.02,26.5,109.48,2,2,40.6,12,48,0,2887.7,178.82,1,0,1
C00175,27,54090.4,30.1,94.87,2,1,40.7,16,50,0,2451.71,130.51,1,1,1
C00176,44,127862.63,56.1,133.47,1,1,53.7,12,54,1,6936.69,117.77,0,1,1
C00177,61,54009.54,58.6,134.6,3,0,59.5,13,63,0,7083.18,79.35,0,0,1
C00178,44,69008.92,32.6,61.19,2,2,45.4,13,44,0,1972.67,160.61,1,1,1
C00179,41,52609.14,24.9,53.72,2,1,13.1,11,46,0,1359.18,142.1,1,0,0
C00180,45,59874.01,48.9,75.88,2,1,13.4,17,59,0,3561.2,111.56,0,0,0
C00181,58,58146.75,6.3,48.71,1,0,47.1,6,29,0,327.16,68.82,1,0,1
C00182,45,70017.07,39.2,104.59,1,3,27.7,11,81,0,4130.14,193.57,1,1,0
C00183,37,94620.31,30.7,103.98,1,3,14.6,1,88,0,3461.07,188.57,1,0,1
C00184,55,115856.05,61.6,170.15,3,2,46.4,18,1,0,10177.4,176.91,0,0,0
C00185,47,66054.72,27.9,110.82,2,1,26.3,4,81,0,3841.7,128.71,0,0,0
C00186,60,74295.67,32.5,91.14,1,4,11.2,2,105,0,2830.22,268.25,1,1,0
C00187,44,35768.94,10.7,102.14,1,2,2.5,1,122,0,1017.27,181.75,1,1,1
C00188,27,55898.35,35.8,90.46,1,1,2.0,2,98,0,2970.37,157.8,1,0,1
C00189,26,86087.53,50.7,110.34,2,0,34.4,12,48,0,5494.33,82.79,1,0,1
C00190,62,83441.84,45.6,130.73,1,3,18.9,10,97,0,5139.85,207.81,0,0,1
C00191,63,63390.82,30.8,83.79,1,2,42.9,12,51,1,2642.83,147.5,1,0,0
C00192,40,84160.73,35.7,81.07,1,2,27.9,2,102,0,2454.77,175.24,1,1,1
C00193,37,71276.38,17.2,78.53,2,0,38.3,15,33,1,1367.26,82.94,0,1,1
C00194,60,96021.45,48.8,114.43,1,0,13.9,6,47,0,4979.1,93.27,0,0,0
C00195,29,65495.0,34.0,116.11,1,1,25.3,14,50,1,3831.32,110.34,0,0,0
C00196,31,49951.36,58.1,109.3,3,0,55.6,12,80,1,6661.25,88.67,0,1,1
C00197,50,66786.19,28.0,118.66,1,0,40.8,4,43,0,3936.03,87.37,1,0,1
C00198,37,22000.0,31.6,25.4,2,0,24.4,8,96,0,734.2,78.98,0,0,0
C00199,42,68118.92,31.0,99.06,2,1,55.8,22,42,0,3035.52,115.36,1,1,1
C00200,40,22000.0,29.2,61.44,1,1,20.0,8,111,0,1690.4,138.57,1,0,1
C00201,46,28123.02,8.5,44.87,1,0,31.8,9,23,1,352.82,107.29,1,1,0
C00202,59,70118.44,28.7,186.23,3,0,51.0,10,26,0,5038.04,74.35,0,1,0
C00203,43,70881.21,42.8,81.96,1,1,2.0,10,75,0,3743.11,133.64,1,0,0
C00204,50,35595.63,1.0,75.06,2,1,37.8,6,52,0,72.13,82.71,1,0,0
C00205,18,43006.88,24.4,90.43,2,1,48.2,10,40,1,2601.53,133.59,0,1,0
C00206,41,103138.24,61.8,59.76,2,2,41.2,15,68,0,3815.16,137.6,0,0,0
C00207,32,47330.28,35.1,70.3,2,0,39.9,3,65,0,2268.61,73.27,0,1,0
C00208,27,148780.12,59.1,181.22,3,1,52.8,21,79,1,10391.58,113.12,0,1,0
C00209,31,57953.25,20.7,96.59,3,0,32.8,13,36,0,1874.21,79.71,0,1,0
C00210,38,68842.29,15.4,59.72,1,1,29.5,14,22,0,980.19,133.52,1,0,0
C00211,53,114380.46,34.8,157.4,2,3,52.2,17,113,1,4756.68,187.59,0,1,1
C00212,26,61281.28,4.1,117.17,1,2,17.6,6,63,0,425.69,163.34,1,0,0
C00213,42,38071.22,28.1,102.03,2,3,56.8,10,53,1,2728.29,201.98,0,0,0
C00214,36,55387.7,18.4,64.34,1,0,4.4,3,86,0,1249.74,102.28,1,0,0
C00215,38,57138.98,17.6,89.14,2,2,24.5,4,66,0,1722.29,172.18,1,0,0
C00216,54,32695.96,16.4,62.7,2,0,60.7,19,68,0,1143.21,63.53,1,0,0
C00217,48,52091.07,21.5,47.79,1,1,33.6,14,53,0,1069.72,114.23,1,1,0
C00218,58,42466.79,36.2,60.22,2,1,24.5,16,107,0,2163.71,143.6,1,0,0
C00219,40,85513.42,52.4,126.87,4,0,67.9,20,56,0,7064.21,95.15,0,0,1
C00220,34,58849.3,23.1,67.61,2,0,34.8,15,21,0,1418.0,67.55,0,0,0
C00221,39,51504.48,32.5,67.61,3,0,2.0,0,35,0,1871.96,76.67,0,0,0
C00222,45,55470.24,17.0,83.26,1,2,6.6,2,100,0,1465.87,162.37,1,0,0
C00223,44,63698.07,32.6,87.26,1,3,22.6,10,79,0,2616.19,200.45,0,0,0
C00224,29,75151.42,57.2,133.3,1,1,23.5,6,17,0,7586.94,103.72,1,0,0
C00225,43,38113.32,24.0,68.86,2,3,36.6,12,78,1,1665.47,197.02,0,1,1
C00226,45,37448.86,26.0,77.57,1,1,42.4,7,32,1,2053.88,142.65,0,1,0
C00227,72,92241.33,16.9,101.86,1,1,19.7,3,72,0,1851.41,119.81,0,0,0
C00228,65,48777.13,27.2,67.1,1,3,2.0,7,100,0,1948.9,204.92,0,1,1
C00229,32,31988.27,31.2,105.75,2,2,43.2,17,71,0,3347.07,169.43,0,1,0
C00230,39,69884.53,33.6,105.09,1,1,20.1,2,53,0,3402.15,156.46,1,1,0
C00231,24,70460.93,53.8,92.8,1,1,21.4,11,62,1,5038.27,124.55,0,0,1
C00232,35,30494.39,13.5,95.1,3,2,41.8,10,17,0,1221.45,181.92,0,0,0
C00233,46,63868.44,34.7,70.76,1,2,61.5,17,48,1,2416.54,156.29,1,1,1
C00234,56,78995.26,28.8,67.05,2,2,2.0,8,103,0,2334.46,160.73,0,1,0
C00235,33,67876.19,30.8,59.95,1,3,12.7,10,96,0,1872.45,205.97,1,0,1
C00236,34,75631.68,43.3,86.47,2,1,34.5,15,99,0,3882.38,113.08,0,0,0
C00237,18,32157.64,14.6,53.51,2,0,15.9,16,72,0,736.23,76.43,0,0,1
C00238,40,66651.65,42.1,112.3,2,3,54.4,11,96,0,5117.88,222.42,0,1,0
C00239,29,51077.43,37.7,126.71,2,1,54.9,10,69,0,5061.18,115.93,1,0,1
C00240,36,47354.94,29.1,48.16,1,2,17.1,3,75,1,1486.89,162.85,1,1,0
C00241,31,83602.75,46.3,133.29,3,2,47.5,12,61,0,6271.95,179.59,0,0,1
C00242,41,107957.57,52.6,88.98,2,1,32.9,0,35,0,5063.01,112.58,0,0,0
C00243,21,123233.19,65.7,134.04,3,0,50.6,13,1,1,9702.46,101.06,0,0,1
C00244,24,100752.03,29.9,95.48,2,2,34.5,8,56,0,2923.25,167.66,1,1,0
C00245,68,55387.54,46.7,111.93,2,0,34.8,15,1,1,5179.9,81.64,1,0,1
C00246,27,67261.33,51.9,81.24,2,1,38.4,13,93,0,4516.02,95.38,0,0,0
C00247,29,80038.57,34.3,116.13,1,3,41.1,9,77,1,3699.29,205.06,0,0,0
C00248,64,61028.3,13.3,72.65,1,2,2.0,6,75,0,911.86,170.01,0,1,1
C00249,77,61274.51,24.2,79.45,2,1,14.7,10,110,0,1915.03,147.79,1,0,0
C00250,28,81975.41,58.8,71.55,2,1,2.0,0,64,0,3623.22,130.67,1,0,0
C00251,38,56573.7,31.6,102.69,2,1,52.5,12,114,0,3461.65,140.98,0,0,0
C00252,46,42697.59,24.9,96.63,1,0,29.3,0,46,0,2218.95,65.8,1,1,0
C00253,63,48733.39,34.3,81.84,1,1,31.8,5,32,1,2701.02,121.77,1,0,0
C00254,30,75692.98,39.0,184.6,3,2,33.9,7,70,1,7073.93,190.86,0,0,1
C00255,39,58072.96,51.9,118.28,1,2,59.9,17,66,0,6157.81,156.03,0,1,0
C00256,51,66908.85,48.7,91.48,2,1,24.3,4,90,0,4329.73,137.83,1,0,0
C00257,47,76851.6,65.7,95.51,2,2,38.9,9,54,1,6239.9,176.91,0,0,1
C00258,37,49551.35,48.5,123.7,3,1,66.4,11,53,1,5976.54,130.74,1,1,1
C00259,40,79683.87,41.3,64.18,1,0,2.5,4,73,0,2556.78,75.53,1,0,0
C00260,26,68003.35,32.9,115.22,1,0,17.5,9,53,0,3553.22,70.41,1,0,1
C00261,39,34529.76,9.7,78.14,1,0,25.4,11,68,1,820.01,106.11,0,0,0
C00262,39,106294.23,60.3,106.4,1,0,77.6,20,23,1,5333.59,92.36,0,1,1
C00263,45,46999.18,26.0,110.67,2,2,43.4,5,101,0,2825.48,172.62,0,0,1
C00264,35,28942.26,22.6,149.82,3,1,83.6,18,38,0,3263.14,123.21,0,0,0
C00265,48,37394.54,18.8,74.05,1,0,43.3,10,63,0,1436.31,81.45,0,1,1
C00266,54,37773.36,18.2,84.26,2,3,40.9,10,78,1,1351.37,210.05,1,1,0
C00267,44,59284.97,24.0,121.02,1,3,10.4,6,48,0,2792.53,216.28,1,0,0
C00268,46,51698.35,50.1,120.57,2,0,58.5,23,46,1,5988.87,94.93,0,1,1
C00269,43,50348.74,28.5,65.9,1,3,2.0,6,102,0,2038.3,195.32,1,1,1
C00270,42,75242.62,40.5,103.86,2,2,65.9,13,88,1,4317.87,146.78,1,1,0
C00271,33,66899.44,29.8,123.56,3,2,54.6,18,49,1,3328.55,170.06,0,1,0
C00272,46,66233.28,53.2,91.93,1,1,2.0,1,51,0,4696.85,99.89,0,0,0
C00273,41,68894.13,24.6,44.97,1,2,11.4,1,77,0,1182.31,158.07,0,1,1
C00274,67,75129.97,31.8,60.48,2,1,42.7,17,75,1,1740.83,114.71,0,1,1
C00275,61,23929.28,47.0,38.56,1,1,12.4,5,74,1,1801.49,126.97,1,1,0
C00276,47,49768.34,38.1,47.63,1,1,30.8,3,52,0,1811.5,148.57,0,1,0
C00277,33,23213.98,9.9,63.07,2,1,16.0,9,12,0,603.68,94.82,0,0,0
C00278,29,58885.11,30.1,96.37,1,2,2.0,4,53,0,3522.44,198.55,1,0,0
C00279,56,57887.25,34.9,73.44,1,3,20.2,6,145,0,2480.83,203.61,1,0,0
C00280,45,89978.12,47.8,115.62,2,1,39.3,11,45,1,5730.71,131.12,1,1,0
C00281,48,95511.77,62.1,114.25,4,2,54.7,11,75,0,6657.84,148.33,1,0,0
C00282,21,63156.04,39.9,85.53,2,1,56.6,18,61,0,3554.0,137.8,0,0,0
C00283,53,47006.76,13.6,89.88,1,1,8.5,5,60,0,1307.67,124.77,1,0,0
C00284,47,71108.77,31.1,136.58,3,1,58.5,17,88,0,4046.6,127.07,0,0,0
C00285,29,46465.85,31.1,52.91,1,1,19.9,9,81,1,1637.77,94.11,0,1,1
C00286,36,57966.08,50.9,118.73,3,4,22.4,2,128,0,5614.33,253.53,1,0,0
C00287,45,87761.27,41.4,152.72,1,1,8.9,0,47,0,5740.23,141.06,1,0,0
C00288,43,45886.87,1.0,90.46,2,1,35.4,0,111,0,97.96,120.93,0,1,0
C00289,38,81355.47,48.3,86.96,2,0,70.3,21,40,0,4014.88,98.4,0,0,1
C00290,41,77088.31,52.0,81.65,1,1,33.1,4,68,1,3426.25,139.39,0,0,0
C00291,39,38839.22,18.6,72.47,1,1,2.0,2,123,0,1537.17,113.82,1,0,1
C00292,44,87311.18,46.1,104.73,2,0,2.0,1,84,0,4521.06,105.71,1,0,0
C00293,60,77776.62,37.5,85.94,1,4,36.5,14,147,0,3161.77,250.51,1,0,0
C00294,18,60536.83,38.6,56.9,2,2,28.7,3,55,0,2487.68,164.25,1,0,1
C00295,39,42109.24,13.1,44.35,1,3,38.0,11,102,0,574.45,205.93,1,0,1
C00296,44,40430.18,18.8,84.4,2,1,18.5,15,56,0,1565.13,124.72,1,1,0
C00297,46,46276.06,22.5,86.49,2,2,40.9,21,67,0,1758.55,129.1,1,0,1
C00298,38,72844.91,56.3,86.82,2,0,49.9,19,48,0,4247.76,79.35,0,1,1
C00299,21,38825.62,4.1,64.92,1,6,12.3,7,133,0,262.27,313.1,1,0,0
C00300,46,69699.85,37.9,103.01,2,1,29.3,4,49,0,4020.81,148.01,0,0,0
C00301,63,34429.22,6.8,110.87,2,0,38.5,15,51,0,772.71,106.07,0,0,1
C00302,24,53235.97,32.4,109.37,3,1,58.8,15,40,0,3404.16,137.68,0,0,1
C00303,52,60733.48,26.5,108.58,2,3,37.4,14,97,0,2879.37,206.35,1,1,1
C00304,38,161967.82,44.1,144.26,3,1,71.5,16,74,0,5430.75,114.43,0,1,1
C00305,41,32523.74,27.8,137.16,4,1,55.9,14,43,1,3946.57,118.77,0,0,0
C00306,29,107628.89,31.9,128.32,2,1,16.6,7,74,0,4141.78,154.46,0,0,0
C00307,38,61767.47,15.6,122.1,2,0,75.2,21,45,1,2212.02,75.08,1,0,0
C00308,58,68933.01,44.2,120.95,2,0,28.5,12,44,0,5344.46,51.7,1,0,1
C00309,49,60955.81,47.6,95.99,1,1,14.5,3,85,0,4228.61,139.1,1,1,0
C00310,63,69911.37,57.7,98.64,2,1,35.1,4,17,1,5671.78,145.9,1,1,0
C00311,56,54374.5,20.7,83.5,1,1,24.1,16,44,1,1680.65,146.91,0,1,1
C00312,47,106819.88,35.5,147.22,2,0,36.2,23,4,0,5404.8,101.31,0,0,1
C00313,63,47881.3,43.7,55.56,1,2,18.7,9,138,0,2433.69,180.27,0,0,0
C00314,47,93315.06,61.0,93.98,2,1,34.9,4,48,0,5150.65,125.26,0,0,1
C00315,52,44247.94,39.8,95.32,2,1,39.0,8,67,1,3295.98,95.56,1,0,0
C00316,38,56550.68,18.8,107.22,2,1,2.0,4,43,0,2063.51,125.97,0,0,0
C00317,43,36974.14,31.4,46.0,1,1,51.5,21,28,0,1604.94,129.38,0,0,0
C00318,34,70214.37,47.1,81.43,1,0,20.0,1,77,0,3862.83,79.62,1,1,1
C00319,54,106420.25,34.0,132.64,3,0,62.8,16,95,0,4801.45,83.08,1,0,0
C00320,28,56145.89,34.2,33.38,2,1,2.4,5,56,0,1235.25,106.17,1,0,0
C00321,51,53396.81,38.4,70.07,1,4,12.6,10,124,0,2747.21,234.58,0,0,0
C00322,40,36317.65,36.3,64.39,1,2,8.2,3,47,0,2185.34,189.88,0,0,1
C00323,56,52674.95,53.5,89.41,2,1,61.5,9,54,1,4853.85,150.39,0,0,0
C00324,51,29709.58,28.6,123.56,2,0,29.3,13,63,1,3873.22,84.85,0,0,0
C00325,64,39528.99,18.7,54.14,2,0,43.7,18,39,0,1057.73,83.27,1,0,0
C00326,51,63796.17,42.5,75.65,2,0,21.4,7,18,0,3409.73,67.32,1,0,0
C00327,23,100930.14,44.7,59.74,3,1,34.0,12,95,0,2569.83,130.78,1,1,0
C00328,41,188728.9,78.4,157.59,3,2,51.4,12,41,1,12147.77,196.24,1,0,0
C00329,28,45334.91,34.2,61.63,1,2,43.0,8,93,0,2085.56,142.52,1,1,0
C00330,36,105981.98,60.7,102.8,2,3,2.9,9,66,0,6212.65,215.72,0,1,0
C00331,60,64252.4,29.5,129.95,2,3,17.0,9,104,0,4188.31,218.94,1,0,1
C00332,50,54430.19,40.9,118.76,2,4,4.1,6,132,0,3940.56,259.89,1,0,0
C00333,34,69556.03,27.3,85.42,1,1,3.6,11,92,0,2337.19,146.83,1,1,0
C00334,30,59528.07,38.8,68.5,1,3,6.2,0,117,0,2642.93,234.98,0,0,0
C00335,42,60752.56,41.6,126.15,2,1,11.1,3,88,1,4672.17,123.82,0,0,0
C00336,27,48859.22,39.4,73.69,1,0,8.4,6,50,0,3059.98,90.32,1,0,0
C00337,34,32240.94,25.5,44.11,1,0,2.0,0,89,0,1058.77,79.71,1,0,0
C00338,46,30329.49,34.7,36.13,2,3,9.2,9,90,0,1219.69,195.04,1,1,0
C00339,56,76310.14,51.8,73.82,1,3,43.2,12,90,0,4385.79,210.7,1,0,0
C00340,49,51636.51,29.7,96.58,1,3,32.0,5,52,0,3104.67,218.13,1,1,1
C00341,18,45154.31,15.1,136.38,1,0,33.7,11,7,0,2157.7,88.95,0,1,0
C00342,46,58207.57,53.7,98.03,2,2,18.2,8,59,0,5428.26,154.51,1,0,0
C00343,43,80989.1,50.8,120.78,4,1,34.3,15,89,0,6052.33,120.17,0,0,0
C00344,47,62564.36,30.2,65.02,2,4,11.1,7,100,0,2279.46,241.82,0,1,0
C00345,61,44031.26,1.9,87.6,1,2,22.7,10,88,0,179.85,154.21,1,0,0
C00346,18,97075.21,23.0,45.8,1,2,33.3,12,79,0,989.45,167.05,1,0,0
C00347,35,112584.15,63.4,135.36,2,1,57.7,15,61,1,7624.13,133.68,1,0,0
C00348,49,71389.93,31.7,124.94,2,2,51.3,11,80,1,4134.55,182.71,1,0,1
C00349,23,87302.73,20.3,121.17,2,0,26.2,10,66,0,2445.78,72.69,0,0,1
C00350,60,97716.09,60.7,89.33,1,1,24.2,7,21,1,4803.34,116.06,0,0,1
C00351,46,93231.41,34.2,127.35,2,0,34.5,19,59,1,4507.49,106.95,1,1,0
C00352,52,75065.77,53.6,108.42,2,2,34.1,17,56,0,5688.22,165.37,0,1,0
C00353,35,74570.78,34.7,81.63,2,2,70.6,22,87,1,2956.41,165.95,1,1,1
C00354,52,72146.62,43.6,136.18,1,1,2.0,5,86,1,6151.49,125.44,0,1,1
C00355,55,36582.18,39.7,59.06,1,2,15.3,6,62,0,2232.21,179.59,1,1,1
C00356,45,77847.11,25.0,108.57,1,1,48.3,7,77,0,2854.5,142.09,0,1,1
C00357,45,32818.79,12.2,20.0,1,4,2.0,0,80,0,234.43,260.18,1,1,0
C00358,45,41542.26,31.7,106.8,1,1,14.6,7,100,0,3264.92,125.92,1,0,1
C00359,32,100277.4,57.6,137.72,1,2,21.0,9,110,0,7595.62,157.8,0,1,0
C00360,40,82544.33,17.4,107.72,2,0,33.6,13,26,0,2041.18,110.57,1,0,0
C00361,40,108326.55,37.3,133.74,2,0,12.5,10,55,0,4871.84,97.69,0,0,0
C00362,47,51745.62,30.5,91.14,1,0,34.7,7,82,0,3083.67,75.9,0,1,0
C00363,54,35748.15,28.2,68.54,2,0,44.1,9,24,1,2207.56,100.42,0,1,0
C00364,29,52428.97,33.3,91.11,1,4,33.2,18,103,0,2856.98,242.79,1,0,1
C00365,40,60539.51,16.3,74.68,2,2,17.3,11,107,0,934.93,184.72,1,0,0
C00366,60,59956.44,27.0,62.02,1,3,21.5,6,100,0,1813.57,226.66,1,0,0
C00367,33,93371.75,42.7,143.15,2,3,26.4,8,108,0,5939.5,199.55,0,0,1
C00368,32,49834.6,43.2,101.96,1,0,19.5,7,86,0,4102.94,91.3,1,0,1
C00369,44,67241.96,24.9,80.46,2,1,72.5,19,47,0,1907.43,134.39,0,0,0
C00370,52,38291.18,43.4,67.11,2,1,33.6,13,66,0,2817.57,158.98,1,0,0
C00371,42,70075.71,35.4,83.39,2,1,12.8,18,87,0,3260.42,113.28,1,1,0
C00372,58,58075.77,21.3,98.76,1,2,28.3,10,108,0,2126.85,186.96,0,0,1
C00373,52,42331.07,37.7,43.41,1,0,2.0,5,45,0,1802.36,78.72,1,0,0
C00374,52,52530.54,23.9,85.83,1,3,2.0,0,114,0,2129.52,190.49,1,0,1
C00375,49,53682.61,17.5,97.25,1,1,6.1,2,105,0,1663.57,123.1,0,1,1
C00376,70,51778.65,15.5,73.04,1,2,13.5,12,113,0,1097.12,164.88,1,1,1
C00377,40,122047.01,72.7,170.35,3,2,74.5,21,42,1,12944.93,157.8,0,0,1
C00378,18,55650.76,58.5,86.68,2,0,45.0,0,66,0,5404.63,86.3,0,0,1
C00379,61,52352.86,31.9,69.77,1,0,30.4,13,81,0,2400.43,93.99,0,1,1
C00380,37,24035.06,8.5,36.09,1,0,2.0,12,85,0,299.65,81.22,0,1,0
C00381,43,39840.18,31.7,116.8,2,0,29.1,0,91,0,3756.15,76.76,0,0,0
C00382,58,51932.88,30.0,72.12,2,1,37.5,19,44,1,2264.61,120.69,0,0,0
C00383,23,43483.64,23.2,117.7,3,4,38.9,0,100,0,2651.3,252.35,1,1,0
C00384,27,103623.09,48.5,96.06,1,0,19.7,12,18,0,4235.36,85.73,0,0,1
C00385,23,54118.12,28.0,47.05,1,0,25.8,9,62,0,1232.83,94.3,0,0,1
C00386,32,99642.58,60.3,97.27,2,3,29.8,0,82,0,5752.25,212.59,1,0,0
C00387,47,59522.77,21.8,117.6,1,1,31.8,12,103,0,2698.02,106.77,1,0,0
C00388,48,58914.0,31.6,84.26,1,1,51.7,20,75,0,2928.34,115.87,0,1,0
C00389,45,55876.76,27.0,49.04,1,1,15.0,8,44,0,1179.62,123.25,0,0,0
C00390,25,58092.55,30.0,86.81,1,0,44.6,16,49,0,2478.11,97.68,0,0,0
C00391,18,119383.01,66.2,100.81,1,2,35.4,9,121,0,6485.25,185.24,1,0,1
C00392,43,22000.0,13.2,159.28,1,1,7.1,0,40,1,2240.36,154.59,0,0,1
C00393,36,25022.96,3.0,71.86,1,0,2.0,7,68,0,204.84,82.58,0,1,1
C00394,48,46169.12,3.3,62.42,1,0,5.0,13,98,0,196.47,90.68,1,0,1
C00395,50,58354.98,44.7,136.13,2,1,26.2,14,44,0,5401.14,107.53,0,1,0
C00396,44,77500.69,33.1,53.15,2,2,28.3,0,128,0,1826.59,169.27,1,1,1
C00397,51,70749.09,41.9,86.4,1,3,34.4,3,44,0,3577.11,192.86,1,0,0
C00398,45,49356.02,27.1,130.3,1,0,52.1,10,27,1,3340.78,84.55,1,1,1
C00399,48,88982.65,42.4,88.43,1,1,29.2,1,63,0,3675.76,166.49,0,0,0
C00400,34,89400.39,59.2,43.34,1,2,9.3,5,91,0,2798.03,166.72,1,1,0
C00401,40,62661.5,19.2,87.16,2,1,2.0,4,54,0,1535.03,111.88,0,1,0
C00402,44,86900.1,30.5,167.51,3,4,58.5,9,56,0,4762.92,262.11,0,0,0
C00403,52,65036.85,51.5,91.81,1,3,24.6,12,108,0,5203.02,201.11,0,0,0
C00404,37,45815.39,18.6,67.43,2,0,35.2,14,53,0,1263.2,66.94,0,0,1
C00405,48,77752.14,42.9,67.62,1,1,58.6,13,33,1,3058.95,151.85,1,0,1
C00406,39,60758.11,19.0,63.74,1,3,42.5,11,85,1,1247.81,221.03,1,0,1
C00407,41,58032.65,34.9,106.35,2,0,51.5,5,28,0,3703.02,88.35,0,1,1
C00408,52,107671.35,40.7,191.28,4,1,54.5,13,99,1,7559.73,126.82,1,0,0
C00409,18,22000.0,14.5,110.03,2,0,28.7,9,54,0,1701.38,79.45,1,1,0
C00410,26,31976.96,30.6,79.67,1,0,20.7,8,73,0,2662.28,102.97,0,1,1
C00411,24,35229.13,8.6,31.03,1,1,2.0,5,79,0,290.08,123.77,0,0,0
C00412,18,49792.96,25.7,37.47,1,1,25.5,10,76,1,872.87,76.84,0,1,0
C00413,34,52117.85,30.4,108.59,2,0,44.1,11,42,0,3641.09,117.58,0,0,0
C00414,51,30795.43,1.0,28.72,1,0,2.0,3,15,0,27.89,79.86,1,0,0
C00415,39,38347.01,29.3,63.36,1,2,41.7,17,78,0,1745.99,168.88,1,0,1
C00416,44,40402.41,5.8,79.08,1,0,24.2,8,110,0,451.4,96.54,0,0,0
C00417,55,162806.3,59.8,127.93,3,3,20.5,9,133,1,8163.45,217.75,1,0,1
C00418,58,123615.34,59.1,114.07,3,3,48.8,13,85,0,7031.57,220.58,1,1,1
C00419,41,48789.16,26.4,89.58,2,0,40.1,9,9,0,2316.86,76.23,0,0,1
C00420,58,49786.21,12.3,106.75,2,1,55.0,18,66,0,1406.34,108.32,1,1,0
C00421,43,35793.89,23.6,98.29,1,0,18.9,4,92,0,2345.2,86.79,1,0,0
C00422,32,26024.24,42.5,81.31,1,2,37.5,13,20,1,3299.08,185.55,1,1,1
C00423,35,55221.55,12.9,97.07,2,2,39.5,12,63,1,1185.65,157.7,0,1,0
C00424,24,38143.11,37.9,48.69,1,1,2.0,0,112,0,1906.32,110.7,0,0,0
C00425,31,55969.44,28.5,101.35,4,2,33.7,9,28,0,2871.19,184.2,0,1,0
C00426,38,29617.24,17.5,51.57,1,1,38.7,9,27,0,804.17,114.72,0,1,1
C00427,52,42115.41,38.1,100.79,2,1,58.1,8,79,0,4100.17,119.32,0,1,1
C00428,63,61735.95,31.3,107.27,2,0,43.3,14,68,0,3223.75,78.36,1,1,0
C00429,25,67643.48,23.7,77.61,4,1,82.8,22,28,0,2069.76,122.3,0,1,0
C00430,47,69115.65,45.5,97.05,3,2,66.4,22,27,0,3920.2,144.73,1,0,0
C00431,30,33309.33,23.8,101.21,1,0,37.7,9,99,0,2371.99,75.55,1,0,0
C00432,48,83047.36,35.6,127.33,3,2,35.2,20,66,0,4278.47,172.41,0,1,1
C00433,40,41444.46,30.2,31.34,1,3,46.8,11,114,1,872.85,206.63,1,1,0
C00434,20,75659.52,40.2,169.86,2,4,55.9,11,86,0,6569.4,272.8,1,1,0
C00435,53,57741.42,7.6,77.29,1,2,15.1,1,51,0,671.07,190.94,0,1,1
C00436,35,32536.43,35.9,95.91,2,0,23.9,0,58,0,3478.77,103.85,1,0,0
C00437,36,50786.98,11.7,86.27,1,1,27.9,17,95,1,946.61,136.71,1,0,0
C00438,29,67619.46,24.8,90.11,2,3,5.0,11,138,0,1906.66,206.13,1,1,1
C00439,34,75030.03,46.0,65.25,1,1,33.0,13,21,0,2588.15,113.5,1,0,0
C00440,47,54665.24,6.1,172.17,3,1,40.7,7,58,0,1011.97,131.02,0,1,0
C00441,40,110364.68,28.3,183.07,4,2,77.3,29,76,1,4925.22,181.84,0,0,0
C00442,46,88552.67,32.9,132.52,2,1,31.7,8,21,1,4278.86,139.11,1,0,0
C00443,46,52073.09,20.7,91.78,1,0,19.3,6,82,0,1556.52,91.07,0,1,0
C00444,58,79479.11,20.5,59.46,1,0,6.0,11,60,0,1209.28,78.06,1,1,1
C00445,38,130664.93,68.4,181.58,3,3,56.3,19,82,0,13439.49,226.54,1,0,0
C00446,24,132137.96,54.5,104.84,2,2,71.2,30,34,1,6454.42,185.04,0,0,0
C00447,55,34628.71,23.6,75.99,1,0,46.8,15,25,0,1523.37,93.4,1,1,0
C00448,38,39302.93,20.6,42.19,2,1,34.8,9,58,0,815.09,119.93,0,0,0
C00449,55,108213.8,47.1,42.91,1,1,16.8,4,31,1,1884.7,108.76,0,1,1
C00450,47,37187.21,30.2,96.08,2,2,51.1,5,80,0,2936.44,154.68,0,1,0
C00451,40,33280.64,32.4,44.82,1,2,37.9,10,92,0,1312.06,153.05,0,1,1
C00452,46,47287.29,18.9,35.86,2,1,12.6,11,114,0,769.16,123.47,0,1,1
C00453,65,69195.67,31.8,134.22,3,3,51.1,17,59,0,4280.37,219.02,0,0,1
C00454,67,55558.49,38.4,154.52,2,1,11.3,6,73,0,5881.43,109.56,1,0,0
C00455,43,44132.93,30.8,147.1,3,2,74.6,14,97,0,5113.47,163.71,0,1,1
C00456,44,43696.75,18.1,64.79,1,1,57.5,17,67,0,1173.46,125.59,0,0,1
C00457,55,43002.64,37.2,89.94,2,0,36.5,16,56,0,3451.97,69.6,0,0,0
C00458,32,40086.87,1.0,95.28,1,2,2.0,2,123,0,89.56,172.7,1,0,0
C00459,46,151218.95,65.2,168.17,2,3,57.0,16,61,1,9756.72,210.15,0,0,0
C00460,42,65719.63,29.4,89.95,2,2,18.8,3,109,0,2517.76,156.07,0,0,0
C00461,46,84173.64,41.7,108.55,2,0,25.8,13,45,0,5314.79,84.43,0,0,0
C00462,32,47230.06,30.9,81.95,1,0,34.0,0,73,0,2657.81,87.05,0,0,1
C00463,23,53642.48,27.9,91.83,1,0,28.7,11,69,0,2614.0,70.47,0,0,0
C00464,18,42980.66,13.8,67.96,1,1,12.0,18,91,0,862.47,119.04,1,1,0
C00465,29,22000.0,13.0,77.2,2,1,21.6,0,73,0,1079.41,129.72,0,1,0
C00466,36,32514.27,27.3,141.77,3,0,55.9,14,37,1,3447.85,75.67,0,0,0
C00467,38,27112.18,24.2,134.65,3,1,45.2,13,103,0,2846.24,104.56,0,0,0
C00468,65,22545.46,20.8,76.17,1,2,2.0,1,57,0,1511.55,143.58,1,1,0
C00469,55,35106.71,31.5,152.4,3,0,49.1,19,8,0,5548.75,81.34,1,0,1
C00470,30,101182.36,41.6,122.17,3,1,57.0,18,81,1,5854.84,108.32,0,0,0
C00471,46,56927.57,31.7,123.19,1,2,25.3,9,113,0,3768.6,163.99,1,0,1
C00472,37,99731.32,57.1,129.55,2,2,15.2,10,69,1,7003.64,192.67,0,0,0
C00473,39,68927.53,19.2,210.56,3,1,81.0,21,59,1,3503.92,114.54,0,1,0
C00474,44,80569.3,53.5,90.64,3,4,2.0,18,48,0,4875.45,246.29,0,1,1
C00475,49,39728.4,10.5,50.97,1,2,10.4,6,75,0,540.24,192.93,0,0,1
C00476,38,72276.74,38.6,114.15,2,2,27.3,10,40,0,4685.14,173.85,1,1,0
C00477,55,78767.7,16.9,98.37,1,1,27.7,1,71,0,1779.45,119.72,1,0,0
C00478,28,45524.52,27.5,127.4,1,3,39.2,9,80,0,3451.04,209.0,1,0,0
C00479,42,73365.22,66.7,102.18,3,3,68.3,24,30,1,7122.7,215.19,1,0,1
C00480,73,73570.33,28.1,128.32,2,1,27.6,2,86,1,3409.32,151.01,1,1,0
C00481,45,46045.54,17.4,105.57,1,1,36.6,0,115,0,1913.18,118.01,0,0,1
C00482,59,36193.53,7.5,106.47,2,3,40.9,12,97,0,769.98,198.91,1,1,0
C00483,43,35272.69,41.7,59.43,2,0,2.0,10,75,0,2566.44,60.45,1,0,1
C00484,49,60146.02,26.4,154.57,3,0,89.6,23,21,1,4196.53,88.81,0,0,1
C00485,41,66538.93,29.2,134.35,2,2,15.4,5,56,0,3942.78,150.07,0,1,1
C00486,40,41578.46,20.3,105.87,2,3,44.9,4,55,0,2283.48,202.98,1,1,0
C00487,33,58651.25,24.2,102.22,2,0,43.8,15,47,0,2160.22,70.46,0,0,1
C00488,47,73704.85,29.7,109.38,2,0,42.8,16,48,1,2971.08,98.79,0,0,0
C00489,32,75194.88,56.9,101.49,2,0,27.8,0,65,1,5646.75,76.0,1,1,1
C00490,50,111300.38,54.8,137.33,2,3,56.6,21,80,1,6654.31,217.54,1,1,1
C00491,55,99163.99,40.4,96.99,1,1,2.0,6,65,0,3790.74,102.3,1,0,0
C00492,46,38088.05,35.4,45.8,1,1,16.5,12,63,1,1573.97,122.51,1,1,1
C00493,39,117630.6,45.9,92.78,2,1,25.3,11,56,0,4701.75,107.58,0,1,0
C00494,47,46406.19,17.0,70.12,2,3,20.1,11,80,0,1205.25,200.65,1,0,0
C00495,38,89953.21,53.8,134.33,3,2,60.3,19,55,0,7826.26,200.7,0,0,0
C00496,53,59680.03,46.9,96.19,2,3,55.4,20,93,1,4622.73,221.75,1,1,1
C00497,20,48780.97,41.4,98.24,2,1,30.1,1,84,0,3893.59,123.06,1,0,0
C00498,38,27145.47,16.0,96.83,2,1,50.1,7,6,1,1567.84,169.53,0,0,0
C00499,18,53967.71,25.2,58.9,1,1,20.4,4,57,0,1572.5,108.9,0,0,0
C00500,24,30129.42,45.4,125.14,2,1,24.0,8,70,1,6221.78,143.32,0,0,0
C00501,58,87069.68,42.8,101.36,2,1,32.0,12,91,0,4289.84,103.65,0,1,1
C00502,53,109672.2,41.2,124.55,3,0,45.8,15,47,1,4457.26,81.55,0,0,0
C00503,33,41501.95,13.2,102.55,2,3,24.3,14,88,0,1163.96,190.34,1,0,0
C00504,24,65842.84,37.6,30.21,1,0,23.2,14,64,0,1106.23,81.02,0,0,0
C00505,18,42767.5,27.7,49.46,1,0,22.4,4,91,0,1113.95,79.74,1,0,0
C00506,35,44544.09,23.2,135.84,3,2,24.1,10,60,0,3610.65,165.56,1,0,1
C00507,71,80296.88,45.4,57.26,2,2,2.0,0,52,0,2724.94,178.87,1,0,0
C00508,47,57068.76,27.2,127.1,2,1,47.9,13,83,1,3283.58,119.23,0,1,0
C00509,35,120433.19,69.4,183.67,3,0,44.8,14,76,0,11607.32,94.27,0,1,0
C00510,48,47366.03,41.4,63.25,1,2,25.5,0,97,1,2836.12,175.55,1,0,1
C00511,23,88249.17,26.6,117.54,2,2,53.0,27,68,0,2851.69,147.64,1,1,1
C00512,38,60422.2,29.1,110.6,1,1,3.9,7,97,0,2957.03,115.37,1,0,0
C00513,43,81017.87,39.2,75.16,1,2,2.0,0,52,0,2766.51,165.77,1,0,0
C00514,41,48068.97,37.4,116.2,2,1,68.9,28,22,0,4384.9,135.12,0,1,0
C00515,51,56805.22,37.3,76.91,2,1,39.6,10,37,1,3011.01,143.05,0,0,0
C00516,46,55253.6,25.2,63.65,1,1,12.6,6,93,0,1758.96,119.07,1,0,0
C00517,50,40825.18,7.7,66.37,2,0,15.0,4,89,0,551.43,75.88,0,0,1
C00518,34,76593.89,51.3,113.9,2,0,29.3,18,44,0,5845.05,71.9,1,1,0
C00519,53,76214.18,50.6,136.56,2,0,20.2,7,41,0,7475.66,90.54,0,0,0
C00520,62,74420.84,48.7,98.2,2,0,52.1,15,47,0,4525.47,78.7,0,1,0
C00521,30,110605.36,59.9,65.49,1,2,6.4,10,115,0,3352.74,160.4,0,0,0
C00522,31,106608.99,49.0,87.04,2,1,54.4,18,19,1,4035.69,122.65,0,1,0
C00523,58,49549.21,27.6,85.59,1,0,16.0,6,4,0,2206.13,89.57,1,1,0
C00524,40,67838.17,33.3,134.13,1,1,11.2,11,92,0,4236.41,119.84,1,0,0
C00525,59,44635.55,13.8,83.43,1,3,15.3,19,75,0,1061.57,196.86,1,1,0
C00526,37,58571.74,48.2,103.63,3,0,2.0,5,62,0,4815.02,89.33,1,1,1
C00527,59,45084.94,37.1,112.06,2,0,36.0,12,47,0,4358.96,41.6,0,0,1
C00528,44,114534.09,28.6,96.09,1,0,21.6,9,61,1,3130.06,74.24,1,0,0
C00529,45,67572.17,41.4,71.79,1,3,36.1,18,92,0,2561.38,190.62,1,0,1
C00530,61,52924.73,16.8,49.17,1,3,2.0,0,62,0,740.78,221.78,0,1,1
C00531,38,95752.12,69.2,188.07,4,0,92.2,22,42,0,12193.95,83.87,1,1,0
C00532,31,23307.72,10.0,20.0,1,0,28.8,2,78,0,211.66,68.75,1,1,0
C00533,37,24891.34,30.2,122.16,3,2,73.4,13,35,1,3630.07,168.09,0,1,0
C00534,47,81019.94,47.8,93.24,2,1,34.6,8,40,0,4200.44,116.12,0,1,0
C00535,23,59491.88,37.2,85.38,2,1,52.7,14,75,0,3354.35,118.19,1,1,0
C00536,50,64433.29,40.3,128.4,1,0,2.7,12,52,0,5573.29,86.63,0,1,0
C00537,36,33226.8,20.3,65.45,2,2,44.5,15,56,1,1328.46,158.33,1,1,1
C00538,56,57436.78,38.2,58.93,1,0,5.6,0,30,0,2105.1,73.71,1,0,0
C00539,18,134547.46,45.7,143.85,3,0,24.2,5,40,0,6711.99,72.37,0,0,0
C00540,33,81990.78,37.8,100.24,1,0,5.0,11,70,0,3722.14,66.87,0,1,1
C00541,22,62284.95,54.7,85.71,2,0,34.6,16,46,1,4600.54,82.71,0,1,1
C00542,32,48232.85,32.2,47.9,2,0,14.4,6,83,0,1477.72,83.12,0,1,0
C00543,45,49142.41,34.5,68.13,2,3,38.8,9,94,1,2524.5,186.46,1,1,0
C00544,40,23716.71,9.7,99.19,1,2,2.0,7,73,0,978.45,177.57,1,0,0
C00545,39,64628.27,35.6,83.19,1,1,2.0,0,36,0,3210.24,134.35,1,1,0
C00546,40,82726.99,40.3,101.6,1,1,50.2,16,47,0,4534.65,138.77,1,1,0
C00547,44,29924.66,32.5,94.69,3,1,63.3,28,67,0,3194.9,128.77,1,0,1
C00548,30,43932.22,28.1,71.64,2,3,13.6,7,96,0,1928.59,215.65,1,1,0
C00549,50,35669.92,30.7,115.48,1,2,27.4,5,42,1,3846.49,198.83,0,0,0
C00550,50,38667.35,11.0,82.54,2,3,52.4,17,83,0,944.98,203.38,1,1,1
C00551,47,59317.55,35.2,66.38,1,2,28.1,7,81,0,2825.14,149.67,1,1,0
C00552,49,24167.15,21.5,94.2,1,0,27.1,2,73,0,2071.54,61.06,1,1,0
C00553,46,75071.17,54.7,101.41,3,0,67.7,21,20,0,5861.45,107.69,1,0,1
C00554,66,79603.82,49.6,70.96,1,1,8.0,10,37,1,3603.65,147.44,0,0,1
C00555,41,52194.65,24.0,93.98,2,1,36.2,9,51,1,2238.39,111.57,1,0,0
C00556,38,22000.0,24.8,62.57,1,1,19.7,5,52,0,1516.92,111.82,0,1,0
C00557,33,38166.08,39.0,76.86,1,4,17.1,2,98,0,3066.02,244.61,0,1,0
C00558,30,97345.04,13.7,171.89,2,0,39.5,11,1,0,2460.27,105.89,1,1,0
C00559,27,22000.0,18.2,89.98,2,0,36.4,8,49,1,1784.01,64.18,0,1,0
C00560,31,50123.16,7.9,20.0,1,1,14.7,1,120,0,161.35,91.07,1,1,0
C00561,41,35333.89,7.7,95.5,2,1,17.0,16,72,0,709.19,154.99,0,1,0
C00562,46,81317.61,48.5,107.42,2,4,52.0,17,99,0,5068.52,255.97,0,0,1
C00563,43,43680.21,24.8,73.21,1,0,3.9,7,38,0,1621.25,87.22,0,1,0
C00564,33,68724.36,33.0,107.77,2,2,33.7,15,28,0,4031.11,164.75,1,1,1
C00565,53,73547.86,35.3,120.17,3,1,45.3,17,105,0,4055.07,133.13,0,0,0
C00566,51,125418.72,48.7,160.06,4,0,73.9,17,40,0,8395.48,66.61,0,0,0
C00567,40,53261.16,22.5,111.32,2,1,2.0,4,68,0,2559.39,114.13,1,0,0
C00568,34,67923.47,43.0,67.35,1,3,36.7,10,62,0,2966.18,207.86,1,0,0
C00569,49,31084.82,34.0,57.98,2,1,18.4,9,63,0,1950.64,89.85,1,0,1
C00570,44,95623.32,52.0,215.24,3,2,85.8,24,53,0,10493.86,171.98,0,0,0
C00571,25,42141.34,8.7,69.28,2,0,23.6,6,74,0,557.88,75.44,0,0,0
C00572,41,45829.42,20.9,93.73,2,2,34.7,4,125,0,2234.53,162.26,1,0,0
C00573,45,57460.57,24.7,54.1,2,0,64.5,18,57,1,1350.17,71.61,1,0,0
C00574,31,30085.15,10.2,69.34,1,0,16.0,5,36,0,773.32,66.6,1,1,0
C00575,44,63849.35,34.5,54.63,1,2,41.2,3,29,1,2093.82,137.86,1,1,1
C00576,25,87075.79,31.9,78.47,1,2,22.9,11,53,0,2417.92,167.3,1,0,1
C00577,58,65593.41,52.8,128.78,2,1,48.0,18,61,1,7029.81,123.1,1,1,1
C00578,57,29758.24,41.9,79.15,1,1,23.6,21,53,0,3327.15,104.08,1,1,0
C00579,39,55061.08,1.0,110.86,2,2,53.3,13,59,1,100.59,168.74,1,0,0
C00580,46,79209.41,57.8,37.85,1,3,4.2,1,111,0,2156.74,199.9,1,0,1
C00581,18,26355.78,14.8,133.89,2,1,23.5,3,94,0,2072.89,121.26,1,0,0
C00582,28,36930.63,37.3,71.68,3,0,32.3,11,53,0,2563.69,50.54,1,1,0
C00583,38,83813.27,42.5,150.24,2,0,45.3,14,61,0,6223.72,96.58,1,0,0
C00584,29,64967.24,25.6,127.85,2,0,36.4,7,33,0,3221.85,67.97,0,1,1
C00585,51,68956.17,47.9,117.15,2,3,51.7,13,62,1,6554.73,211.26,1,1,1
C00586,66,126650.44,60.0,138.13,4,2,87.8,12,53,0,7075.9,158.73,1,0,1
C00587,28,70614.48,41.2,87.95,1,2,6.0,9,101,0,3771.2,160.59,1,0,0
C00588,32,76459.1,37.4,91.06,2,2,22.0,4,90,1,3336.17,182.42,0,1,1
C00589,45,181083.12,82.0,150.54,2,1,17.7,7,151,0,11712.05,136.49,1,0,0
C00590,61,53018.72,34.3,69.06,1,4,57.5,9,105,1,2316.69,264.34,1,0,0
C00591,27,41485.01,26.0,20.0,1,2,19.5,4,119,0,547.6,165.23,1,0,0
C00592,45,69416.01,51.3,150.59,3,2,63.5,16,38,0,8173.56,176.59,1,1,0
C00593,64,69743.15,42.8,117.05,3,2,26.0,9,71,0,5081.58,143.43,1,0,0
C00594,22,46489.32,41.1,77.64,2,0,33.3,13,34,0,3468.22,76.77,1,0,0
C00595,27,37593.69,19.0,53.66,1,0,27.9,16,73,0,1121.74,76.14,0,0,0
C00596,37,153021.38,59.8,201.57,5,1,79.9,24,63,1,12842.32,150.26,0,0,1
C00597,36,66534.28,35.4,56.9,1,0,38.6,16,57,0,1924.24,72.47,1,0,0
C00598,52,42643.85,14.9,20.0,1,0,55.7,22,83,0,309.06,80.31,0,1,0
C00599,45,85211.27,36.6,101.45,1,0,8.4,8,82,0,3860.03,86.28,1,1,0
C00600,21,55401.24,51.7,127.62,3,2,33.2,10,93,0,6163.75,185.42,0,1,0
C00601,48,52155.66,30.2,88.09,2,0,19.0,12,83,0,2328.53,80.17,1,0,0
C00602,35,73449.46,39.6,106.79,4,0,88.9,28,74,1,3547.82,95.13,1,0,1
C00603,57,33711.95,32.3,70.15,1,0,39.8,15,8,1,2279.33,56.74,0,0,0
C00604,34,67258.7,43.0,77.24,3,1,42.1,5,96,1,3402.69,100.58,1,0,0
C00605,34,129526.31,46.5,98.55,2,2,37.0,7,45,0,4148.36,134.92,0,0,1
C00606,48,70544.07,48.5,80.65,2,1,19.1,6,66,0,4238.5,134.46,0,0,0
C00607,51,49522.84,38.3,98.16,1,0,41.0,16,56,0,3802.69,92.28,0,0,1
C00608,47,46873.8,22.1,99.23,3,2,40.8,12,118,0,2428.99,179.49,1,0,1
C00609,22,48818.05,19.9,79.68,2,2,29.0,15,49,0,1628.69,155.89,0,1,0
C00610,48,52131.99,22.6,148.4,2,1,54.2,22,48,1,3062.03,120.98,0,1,1
C00611,30,49489.69,17.1,102.39,2,0,33.5,16,63,0,1816.29,81.5,0,1,1
C00612,45,85224.91,51.2,99.55,1,0,21.0,14,40,0,5369.05,103.18,1,1,1
C00613,25,28008.14,20.2,54.83,1,2,19.1,2,94,0,1059.1,187.1,0,1,1
C00614,47,83302.87,72.7,72.52,1,0,35.7,13,109,0,4664.65,91.91,1,1,1
C00615,32,49450.62,21.6,20.0,1,2,43.7,10,70,0,435.81,165.23,1,1,1
C00616,27,67949.25,21.0,127.67,2,2,50.9,6,47,0,2471.35,187.91,1,0,1
C00617,51,36129.44,30.0,99.26,2,1,50.9,13,50,1,3244.72,121.36,1,0,1
C00618,45,101338.67,63.0,92.04,1,0,20.5,14,42,0,5608.99,76.89,0,1,0
C00619,35,97867.03,47.9,109.71,2,1,25.1,11,59,0,5979.92,123.97,1,1,1
C00620,59,86788.23,53.1,129.35,2,1,52.4,25,69,1,5696.53,113.65,0,1,1
C00621,37,30699.49,8.0,40.82,2,5,31.3,11,95,0,331.56,285.82,1,1,0
C00622,42,82160.44,33.9,72.21,1,1,2.0,14,78,0,2724.89,107.13,0,1,0
C00623,45,68750.37,19.3,51.07,1,2,12.5,7,96,0,915.87,177.44,1,0,0
C00624,35,29554.3,3.7,133.45,2,0,39.7,12,46,0,489.38,93.29,1,0,0
C00625,48,57411.13,32.8,120.48,2,1,30.2,3,54,0,3820.89,146.65,1,0,0
C00626,36,67595.91,14.2,74.71,4,1,82.1,27,55,0,1005.23,100.17,1,0,1
C00627,37,73258.53,39.5,60.47,2,2,39.6,9,68,0,2434.25,190.46,0,1,0
C00628,58,62482.89,24.5,76.46,1,0,46.7,10,72,0,1679.67,59.1,1,1,0
C00629,30,65546.53,29.2,104.27,3,2,53.1,21,89,1,3022.35,150.57,1,1,0
C00630,18,107701.1,60.6,98.74,3,3,49.0,20,86,0,6229.0,200.21,1,1,1
C00631,61,97064.65,49.2,185.66,3,2,42.9,18,49,1,8979.33,192.16,1,1,0
C00632,73,22000.0,44.9,107.32,3,2,49.0,12,92,0,4431.87,170.74,0,0,0
C00633,37,50760.52,34.4,88.36,1,4,23.9,8,125,0,3288.46,246.66,1,1,0
C00634,19,54124.64,44.3,75.16,2,2,8.4,5,73,0,3527.13,153.92,1,0,1
C00635,38,27786.81,16.0,85.3,1,2,13.5,10,84,0,1248.91,146.56,1,1,1
C00636,39,60340.28,33.4,68.58,1,2,15.0,14,74,0,2052.35,180.34,1,0,0
C00637,40,97995.47,52.6,105.67,2,2,44.7,15,96,1,5139.92,178.63,0,0,0
C00638,29,36748.03,32.0,122.09,3,3,59.1,26,25,1,4078.74,229.7,1,0,0
C00639,49,66801.89,33.3,54.43,2,1,19.7,12,48,1,1852.38,126.91,0,1,0
C00640,48,39480.12,31.1,114.88,1,0,35.8,10,81,0,3799.05,47.2,1,1,0
C00641,24,43738.99,18.2,77.12,1,1,18.8,11,50,0,1370.19,105.75,1,1,0
C00642,50,107872.32,51.1,189.77,4,2,19.9,16,81,0,8977.69,180.69,1,0,0
C00643,67,46181.01,45.9,60.97,2,3,22.3,18,67,0,3004.89,200.7,1,1,1
C00644,44,70426.69,32.4,57.77,1,1,38.8,17,55,0,1789.64,113.8,0,1,0
C00645,38,26430.84,9.5,31.96,1,0,2.0,0,50,0,306.69,62.11,1,1,1
C00646,40,126800.68,38.8,115.14,1,2,29.4,8,77,0,3909.49,181.48,1,1,1
C00647,49,74705.75,41.0,123.33,3,1,79.6,23,13,1,4820.11,133.25,0,1,0
C00648,21,53720.41,37.9,63.35,1,2,6.4,13,116,0,2592.68,171.08,1,0,0
C00649,44,73860.08,26.3,92.72,3,1,46.8,15,88,0,2297.94,115.55,1,0,0
C00650,37,32082.76,32.0,31.48,1,0,2.0,4,128,0,1074.49,79.99,0,0,0
C00651,64,95307.25,38.8,129.08,3,1,81.1,21,57,0,4075.99,108.6,1,0,0
C00652,40,50621.15,20.5,79.97,2,2,32.2,8,80,0,1566.92,163.58,1,1,0
C00653,62,53235.94,34.6,74.95,2,1,33.8,10,71,0,2560.81,87.6,1,1,1
C00654,29,47178.94,15.4,134.83,2,0,65.8,18,27,0,2361.04,63.83,0,0,0
C00655,49,45448.03,25.2,88.45,2,3,46.8,22,25,1,2016.81,203.56,0,1,1
C00656,46,77649.47,43.4,140.32,2,1,26.4,8,61,0,6416.02,161.48,0,0,1
C00657,32,64581.23,48.0,84.15,2,3,22.6,8,86,0,4382.71,182.52,1,0,1
C00658,44,76262.19,32.8,129.01,3,2,60.7,12,66,0,3991.15,151.91,1,0,0
C00659,57,57786.16,24.7,76.57,1,3,10.7,9,95,0,1833.12,210.16,0,1,1
C00660,38,71951.12,37.0,54.75,2,2,2.0,8,50,0,2051.04,188.15,1,1,0
C00661,22,48643.91,20.3,114.14,1,1,26.3,17,28,1,2039.78,128.96,1,0,1
C00662,42,147958.29,75.3,149.55,3,5,28.0,10,101,1,10849.58,306.79,1,1,0
C00663,31,30021.45,31.4,86.95,1,1,52.5,17,25,1,3013.75,119.23,0,1,1
C00664,38,98498.04,28.0,92.77,2,3,38.7,11,107,0,2710.81,201.27,1,1,0
C00665,41,103024.22,55.3,111.18,2,1,21.8,10,47,1,6074.77,127.04,0,0,0
C00666,22,40550.02,54.2,46.36,1,1,5.2,6,51,0,2533.46,111.49,1,1,1
C00667,23,147929.81,98.5,187.93,3,0,26.1,9,85,0,19362.62,100.17,0,0,0
C00668,48,88106.73,48.7,100.03,1,0,5.5,5,66,1,5175.14,60.51,1,0,0
C00669,36,87210.21,26.7,101.19,1,1,43.7,15,59,0,2582.24,137.56,1,1,0
C00670,18,58686.65,37.0,134.55,2,1,81.5,19,27,0,5596.19,128.31,0,1,1
C00671,51,52942.58,17.1,126.4,2,1,53.3,14,28,0,2386.24,124.11,1,1,1
C00672,45,53116.7,25.0,115.52,2,2,37.0,20,43,0,3046.51,145.24,0,1,0
C00673,33,68337.99,20.7,60.9,2,1,23.3,22,42,0,1177.83,108.16,0,1,1
C00674,26,104474.31,33.1,78.94,1,0,5.1,0,67,0,2397.24,98.1,0,1,1
C00675,52,62589.34,29.2,52.1,1,1,55.6,9,90,0,1479.92,118.25,1,1,0
C00676,46,39552.81,35.0,126.57,3,2,48.1,9,68,1,4449.67,173.02,0,0,0
C00677,71,81998.62,51.6,93.43,1,1,62.4,16,48,0,4142.9,112.16,1,0,0
C00678,47,85398.31,47.8,87.2,3,1,71.0,23,58,1,4330.17,123.57,0,1,1
C00679,47,76355.5,29.0,80.91,1,3,2.0,4,125,0,2592.3,188.26,1,1,0
C00680,40,79324.94,33.6,63.65,2,0,19.4,8,44,0,2238.95,81.49,0,0,0
C00681,52,51761.84,37.2,74.02,1,1,9.6,8,93,0,2607.01,128.11,0,0,0
C00682,50,39262.41,35.9,41.72,2,2,26.9,5,61,0,1401.65,166.83,0,0,0
C00683,57,40277.85,24.6,85.32,1,0,22.1,7,24,0,2152.12,69.18,1,0,1
C00684,36,29181.89,25.6,76.27,1,0,75.9,20,1,1,1929.33,76.31,1,1,1
C00685,37,64069.05,14.4,134.28,1,1,10.7,0,76,0,1996.18,135.26,1,1,1
C00686,36,56002.4,4.0,119.09,2,2,43.3,7,40,1,503.93,165.57,1,0,0
C00687,51,48213.94,10.1,62.12,1,0,31.0,4,67,0,682.45,75.95,1,1,1
C00688,60,22000.0,30.5,103.47,2,2,37.0,15,30,1,2872.26,193.93,0,0,0
C00689,36,34348.89,33.9,82.8,4,1,58.6,17,43,1,2857.38,110.31,0,0,1
C00690,37,92869.57,40.4,102.43,3,1,29.3,12,95,1,4013.78,140.32,1,1,0
C00691,46,43873.04,48.6,99.4,2,3,38.3,2,63,0,4796.62,192.79,1,1,1
C00692,39,67484.07,41.4,21.91,1,2,23.5,1,100,0,969.9,169.92,1,0,1
C00693,53,32341.63,16.4,66.02,1,1,26.4,12,28,0,1167.23,132.2,0,1,0
C00694,18,106133.67,45.9,70.58,1,1,31.4,0,56,0,3603.62,115.5,0,0,1
C00695,32,54595.5,30.7,115.57,3,4,75.4,26,91,0,3670.84,235.2,0,1,0
C00696,33,65513.75,23.9,51.31,1,0,35.3,2,99,0,1213.85,51.52,0,1,0
C00697,18,154048.97,79.9,149.86,2,1,44.8,17,29,1,11725.26,120.38,0,1,1
C00698,30,109655.96,54.1,119.22,2,2,18.1,3,65,0,5558.24,175.9,0,1,1
C00699,31,50992.85,35.3,114.38,1,1,16.5,12,85,0,4475.21,111.06,1,0,1
C00700,40,45208.74,33.6,72.84,1,0,17.5,23,58,1,2383.71,82.18,1,1,0
C00701,55,50587.99,14.0,53.47,1,2,23.3,0,57,0,777.28,142.61,1,0,0
C00702,39,71851.41,43.1,77.33,1,1,13.5,9,73,0,3512.76,119.91,1,0,0
C00703,30,55492.56,28.8,39.49,1,0,2.0,0,61,1,1024.87,62.1,1,0,1
C00704,41,49128.56,8.0,85.73,1,0,2.0,6,88,0,636.26,80.77,1,1,0
C00705,55,107410.63,35.3,152.22,3,3,25.3,8,78,1,6042.07,206.16,1,1,0
C00706,30,55283.52,18.8,146.17,1,1,27.5,10,53,1,2815.16,112.03,0,0,0
C00707,31,152363.7,66.7,119.83,2,2,12.8,1,87,0,7616.9,159.36,0,0,1
C00708,49,60253.15,37.0,89.7,2,1,17.0,11,76,0,3283.4,111.1,0,1,1
C00709,39,122765.59,60.5,108.26,2,2,30.6,2,40,0,7112.99,149.27,1,1,0
C00710,50,67391.38,51.7,88.24,1,2,2.0,9,77,1,4903.78,181.22,0,1,0
C00711,42,86911.16,34.8,119.47,2,2,46.1,11,96,1,3671.26,163.52,1,0,0
C00712,50,42781.53,33.3,88.11,2,1,48.2,7,62,0,3321.01,93.22,0,0,0
C00713,30,40522.77,38.1,119.04,2,1,29.3,17,47,0,4880.61,117.8,0,1,0
C00714,42,70352.58,41.3,84.31,2,2,26.4,8,68,0,3443.39,178.55,1,0,1
C00715,39,87850.4,36.5,118.81,1,0,37.6,21,34,0,3924.33,73.85,0,1,0
C00716,27,58988.99,16.4,93.73,1,2,11.5,12,100,0,1670.65,187.47,1,0,0
C00717,23,33789.76,37.8,85.35,2,0,20.4,3,51,0,3351.99,69.84,1,0,0
C00718,50,32757.58,15.8,76.42,2,2,54.7,15,81,0,1066.21,172.16,0,1,1
C00719,38,31850.27,38.8,152.79,2,1,59.8,17,27,1,5811.17,143.74,1,0,0
C00720,30,27606.24,10.8,42.13,1,0,28.0,17,72,0,568.52,84.67,0,0,0
C00721,41,60729.34,43.9,105.75,2,2,54.0,17,77,0,4645.26,148.22,1,1,1
C00722,56,93033.67,38.2,90.44,2,1,2.0,4,92,0,3247.22,111.04,0,0,1
C00723,18,57674.11,32.2,146.07,2,3,67.3,17,76,0,4321.67,229.07,0,0,1
C00724,24,22445.02,8.3,105.59,2,2,44.3,13,74,0,1005.59,156.18,0,0,0
C00725,31,53534.36,24.0,57.28,1,0,37.5,18,55,0,1465.18,93.24,1,1,0
C00726,60,54166.76,35.5,126.9,3,1,58.5,16,75,0,5012.08,121.13,1,0,1
C00727,45,139876.86,53.4,157.03,3,1,56.6,13,53,0,8559.54,131.54,0,0,0
C00728,51,31451.45,25.6,70.21,2,1,27.4,6,96,0,1981.52,103.21,0,1,0
C00729,28,49222.87,38.2,113.63,2,2,45.0,10,80,0,4043.27,159.57,1,0,0
C00730,29,118735.83,77.9,133.52,2,2,35.6,4,54,1,10534.32,157.43,0,1,1
C00731,47,70065.74,38.7,89.5,1,0,39.4,8,90,0,3539.54,85.32,0,1,0
C00732,43,73481.56,45.2,101.77,2,2,8.2,12,88,0,5114.39,168.45,0,1,0
C00733,49,60859.53,22.0,145.53,4,1,55.6,14,53,1,3286.53,135.12,0,1,0
C00734,40,66620.96,48.6,106.39,2,0,74.2,23,26,1,4916.34,76.64,1,1,1
C00735,45,80402.0,20.0,107.61,2,1,26.3,0,103,0,2168.34,112.59,1,0,0
C00736,44,41283.33,14.5,53.0,1,1,14.4,9,94,1,663.48,123.8,0,0,0
C00737,51,83866.61,42.8,136.89,1,1,14.5,5,56,0,4765.56,113.54,1,1,0
C00738,52,32582.71,38.5,73.75,3,3,50.1,12,71,0,3025.58,222.0,1,1,1
C00739,23,66576.89,30.9,93.92,1,1,11.1,6,80,0,2811.47,122.91,1,0,0
C00740,18,62521.73,45.3,71.22,1,1,17.9,4,79,0,3155.97,118.13,1,0,1
C00741,54,44772.76,42.5,121.73,1,0,43.6,2,89,0,5511.35,91.21,0,0,0
C00742,56,57450.01,42.4,52.68,1,3,6.0,9,109,0,2485.78,204.15,1,1,0
C00743,30,44655.44,17.1,51.83,1,0,32.7,11,52,0,921.58,55.93,0,1,0
C00744,20,36978.2,55.3,59.92,2,2,45.7,11,93,1,3821.49,148.93,0,0,1
C00745,43,49995.09,27.8,137.79,4,0,83.3,16,52,1,3989.28,100.83,0,0,1
C00746,53,36480.13,12.6,30.42,1,0,18.0,0,95,0,391.6,78.61,0,1,0
C00747,64,66421.31,11.7,68.48,1,2,79.2,22,27,0,818.59,140.94,0,1,0
C00748,48,35780.64,42.4,26.29,2,0,45.2,21,42,1,1000.93,82.03,0,0,1
C00749,38,78215.93,46.8,93.74,1,0,30.2,11,61,0,4720.73,74.67,1,0,1
C00750,31,35311.96,29.0,90.35,3,0,30.6,3,79,0,2107.12,69.98,0,0,0
